time_lsl,label
7024.251703033536,baseline_start
7084.778290796791,stim_start
7122.40367177562,stim_end
7124.379119174024,intervention_start
7187.288090498853,intervention_end
7192.9976699031085,stop
