time_lsl,label
7024.251724,baseline_start
7084.7782792075,stim_start
7122.4036870415,stim_end
7124.3791344585,intervention_start
7187.2880996035,intervention_end
7192.997689104,stop
