time_lsl,label,note,packet_id
222961.9123443378,baseline_start,,
222973.447737763,stim_start,,
222974.68031773972,stim_end,,
222979.14734118254,intervention_start,,
