time_lsl,label
80944.13292545464,baseline_start
80979.53841777227,stim_start
81025.08950916628,stim_end
81026.81094756228,intervention_start
81083.38397883065,intervention_end
81084.87900842717,stop
