time_lsl,label
167920.59130706138,baseline_start
167961.94540637324,stim_start
168009.0525182172,stim_end
168022.83463535452,intervention_start
168072.8737748639,intervention_end
168077.59493780814,stop
