time_lsl,label
177063.4412142087,baseline_start
177127.4034076363,stim_start
177187.98175384133,stim_end
177189.8692183539,intervention_start
177328.21154667882,intervention_end
