time_lsl,label
774268.0978639503,baseline_start
774287.6268003467,stim_start
774299.8860182543,stim_end
774302.0618521931,intervention_start
774315.5365820538,intervention_end
